:START_ID,TYPE,:END_ID
mcro_bertbasemodeluncased,mcro_hasConsideration,mcro_bertbasemodeluncased-Consideration
mcro_clip-UseCase,mcro_hasPrimaryIntendedUseCase,mcro_clip-PrimaryIntendedUseCase
mcro_allMiniLML6v2,mcro_hasModelArchitectureInformationSection,mcro_allMiniLML6v2-ModelArchitectureInformationSection
mcro_clip,mcro_hasConsiderationInformation,mcro_clip-ConsiderationInformationSection
mcro_bertbasechinese-ModelDetailSection,mcro_hasLicense,mcro_bertbasechinese-License
mcro_TheBlokephi2GGUF,mcro_hasDescription,mcro_TheBlokephi2GGUF-Description
mcro_visiontransformerbase,mcro_hasCitation,mcro_visiontransformerbase-Citation1
mcro_gemma3,mcro_hasUseCase,mcro_gemma3-UseCaseSection
mcro_efficientnet_b3ra2in1k,mcro_hasCitation,mcro_efficientnet_b3ra2in1k-Citation-2
mcro_clip-UseCaseInformationSection,mcro_hasPrimaryIntendedUseCaseInformation,mcro_clip-PrimaryIntendedUseCaseInformationSection
mcro_mixedbreadaimxbaiembedlargev1,mcro_hasLicense,mcro_mixedbreadaimxbaiembedlargev1-License
mcro_llama32-modelDetail,mcro_hasLicense,mcro_llama32-license
mcro_flant5base-ModelDetail,mcro_hasModelArchitecture,mcro_flant5base-ModelArchitecture
mcro_clinicalBERT-Bio+ClinicalBERTModel,mcro_hasUseCase,mcro_clinicalBERT-Bio+ClinicalBERTModel-UseCaseInfo
mcro_efficientnet_b3ra2in1k,mcro_hasDataset,mcro_efficientnet_b3ra2in1k-Dataset
mcro_jonatasgrosmanwav2vec2largexlsr53chinesezhcn,mcro_hasModelArchitecture,mcro_jonatasgrosmanwav2vec2largexlsr53chinesezhcn-Arch
mcro_bertbasechinese,mcro_hasUseCase,mcro_bertbasechinese-UseCaseSection
mcro_mixedbreadaimxbaiembedlargev1,mcro_hasUseCase,mcro_mixedbreadaimxbaiembedlargev1-UseCase
mcro_dima806fairfaceageimagedetection,mcro_hasPerformanceMetric,mcro_dima806fairfaceageimagedetection-Performance
mcro_sdxl10base,mcro_hasConsideration,mcro_sdxl10base-Consideration
mcro_jonatasgrosmanwav2vec2largexlsr53russian,mcro_hasIntendedUseCase,mcro_jonatasgrosmanwav2vec2largexlsr53russian-UseCase
mcro_gemma3,mcro_hasModelParameter,mcro_gemma3-ModelParameterSection
mcro_XLMrobertalargeModel,mcro_hasModelArchitecture,mcro_XLMrobertalargeModel-Arch
mcro_clip,mcro_hasQuantativeAnalysis,mcro_clip-QuantativeAnalysis
mcro_chronosboltbase,mcro_hasModelArchitecture,mcro_chronosboltbase-ModelArchitecture
mcro_allMiniLML12v2,mcro_hasModelArchitecture,mcro_allMiniLML12v2-ModelArchitectureInformationSection
mcro_bertmultilingualbasemodeluncased,mcro_hasModelArchitecture,mcro_bertmultilingualbasemodeluncased-ModelArchitecture
mcro_RoBERTa_base_model,mcro_hasTrainingData,mcro_RoBERTa_base_model-DatasetInformationSection
mcro_sentencetransformersparaphrasemultilingualmpnetbasv2,mcro_hasCitation,mcro_sentencetransformersparaphrasemultilingualmpnetbasv2-Citation
mcro_Qwen2505BInstruct,mcro_hasModelArchitecture,mcro_Qwen2505BInstruct-Architecture
mcro_TheBlokephi2GGUF,mcro_hasModelArchitecture,mcro_TheBlokephi2GGUF-ModelArchitecture
mcro_t5small,mcro_hasUseCase,mcro_t5small-UseCase
mcro_resnet18a1in1k,mcro_hasUseCase,mcro_resnet18a1in1k-UseCase
mcro_bertmultilingualbasemodeluncased,mcro_hasDataset,mcro_bertmultilingualbasemodeluncased-Dataset
mcro_bertbasemodelcased-ModelDetail,mcro_hasArchitecture,mcro_bertbasemodelcased-Architecture
mcro_flant5base,mcro_hasModelDetail,mcro_flant5base-ModelDetail
mcro_visiontransformerbase,mcro_hasModelArchitecture,mcro_visiontransformerbase-ModelArchitecture
mcro_distilgpt2-ModelDetail,mcro_hasArchitecture,mcro_distilgpt2-Architecture
mcro_sentencetransformersparaphrasemultilingualMiniLML12v2,mcro_hasModelArchitecture,mcro_sentencetransformersparaphrasemultilingualMiniLML12v2-Architecture
mcro_distilgpt2,mcro_hasTrainingProcedure,mcro_distilgpt2-TrainingProcedure
mcro_distilbertbasemodeluncased,mcro_hasTrainingData,mcro_distilbertbasemodeluncased-TrainingDataInformationSection
mcro_Salesforceblipimagecaptioninglarge,mcro_hasDataset,mcro_Salesforceblipimagecaptioninglarge-Dataset
mcro_allmpnetbasev2,mcro_hasModelArchitecture,mcro_allmpnetbasev2-ModelArchitectureInformationSection
mcro_CLIPViTB16LAION2B,mcro_hasLicense,mcro_CLIPViTB16LAION2B-LicenseInfo
mcro_TheBlokephi2GGUF,mcro_hasLimitation,mcro_TheBlokephi2GGUF-Limitation
mcro_resnet18a1in1k-ModelDetail,mcro_hasCitation,mcro_resnet18a1in1k-Citation
mcro_metaLlama31-UseCase,mcro_hasOutOfScopeUseCase,mcro_metaLlama31-OutOfScopeUseCase
mcro_bartlargemnli,mcro_hasModelArchitecture,mcro_BART
mcro_Salesforceblipbootstrapping,mcro_hasConsideration,mcro_Salesforceblipbootstrapping-Consideration
mcro_bertmultilingualbasemodelcased,mcro_hasTrainingData,mcro_bertmultilingualbasemodelcased-TrainingData
mcro_clip,mcro_hasDataset,mcro_clip-DatasetInformationSection
mcro_RoBERTa_base_model,mcro_hasModelArchitecture,mcro_RoBERTa_base_model-ModelArchitectureInformationSection
mcro_clip-Dataset,mcro_hasTrainingData,mcro_clip-TrainingData
mcro_distilbertbasemultilingualcased,mcro_hasQuantativeAnalysis,mcro_distilbertbasemultilingualcased-QuantativeAnalysisSection
mcro_fashionclip-ModelDetail,mcro_hasModelArchitecture,mcro_fashionclip-Architecture
mcro_distilbertbaseuncasedfinetunedsst2english,mcro_hasModelParameter,mcro_distilbertbaseuncasedfinetunedsst2english-Training
mcro_distilbertbaseuncasedfinetunedsst2english,mcro_hasConsideration,mcro_distilbertbaseuncasedfinetunedsst2english-Consideration
mcro_distilbertbaseuncasedfinetunedsst2english,mcro_hasModelDetail,mcro_distilbertbaseuncasedfinetunedsst2english-ModelDetail
mcro_whisperlargev3,mcro_hasCitation,mcro_whisperlargev3-Citation
mcro_visiontransformerbase,mcro_hasCitation,mcro_visiontransformerbase-Citation3
mcro_TheBlokephi2GGUF,mcro_hasLicense,mcro_TheBlokephi2GGUF-License
mcro_sentencetransformersparaphraseMiniLML6v2,mcro_hasModelArchitecture,mcro_sentencetransformersparaphraseMiniLML6v2-ModelArchitecture
mcro_bartlargecnn-ModelDetail,mcro_hasCitation,mcro_bartlargecnn-Citation
mcro_pyannotespeakerdiarization31,mcro_hasCitation,mcro_pyannotespeakerdiarization31-Citation2
mcro_mobilenetv3small100lambin1k-ModelDetail,mcro_hasCitation,mcro_mobilenetv3small100lambin1k-Citation
mcro_albertbasev2-ModelDetail,mcro_hasLicense,mcro_albertbasev2-License
mcro_llama318BInstructGGUF,mcro_hasIntendedUse,mcro_llama318BInstructGGUF-IntendedUse
mcro_XLMROBERTaModel,mcro_hasIntendedUseCase,mcro_XLMROBERTaModel-IntendedUseCase
mcro_clip-QuantativeAnalysisSection,mcro_hasRisk,mcro_clip-RiskInformationSection
mcro_FlagEmbedding,mcro_hasLicense,mcro_FlagEmbedding-LicenseInformationSection
mcro_sdxl10base-ModelDetail,mcro_hasLicense,mcro_sdxl10base-License
mcro_chronos-t5-small,mcro_hasUseCase,mcro_chronos-t5-small-usecase
mcro_efficientnet_b3ra2in1k,mcro_hasCitation,mcro_efficientnet_b3ra2in1k-Citation-1
mcro_siglipso400mpatch14384-ModelDetail,mcro_hasModelArchitecture,mcro_siglipso400mpatch14384-Architecture
mcro_bertbasemodeluncased,mcro_hasIntendedUseCase,mcro_bertbasemodeluncased-IntendedUseCase
mcro_bertbasechinese,mcro_hasModelDetail,mcro_bertbasechinese-ModelDetailSection
mcro_vit-face-expression,mcro_hasLimitation,mcro_vit-face-expression-Limitation
mcro_opt-125m,mcro_hasTrainingData,mcro_opt-125m-Training
mcro_sdxl10base-Consideration,mcro_hasRisk,mcro_sdxl10base-Risk
mcro_clipViTbigG14laion2B,mcro_hasQuantativeAnalysis,mcro_clipViTbigG14laion2B-QuantativeAnalysis
mcro_mobilenetv3small100lambin1k-ModelDetail,mcro_hasModelArchitecture,mcro_mobilenetv3small100lambin1k-ModelArchitecture
mcro_t5base,mcro_hasQuantativeAnalysis,mcro_t5base-Evaluation
mcro_pyannotewespeakervoxcelebresnet34LM,mcro_hasModelArchitecture,mcro_pyannotewespeakervoxcelebresnet34LM-ModelArchitecture
mcro_bertbasemodeluncased,mcro_hasTrainingData,mcro_bertbasemodeluncased-TrainingData
mcro_TheBlokephi2GGUF,mcro_hasDataset,mcro_TheBlokephi2GGUF-Dataset
mcro_stablediffusioninpaintingmodelcard,mcro_hasModelDetail,mcro_stablediffusioninpaintingmodelcard-ModelDetail
mcro_YOLOWorldMirror,mcro_hasDocumentation,mcro_YOLOWorldMirror-Documentation
mcro_XLMrobertalargeModel,mcro_hasIntendedUseCase,mcro_XLMrobertalargeModel-UseCase
mcro_llama32,mcro_hasUseCase,mcro_llama32-usecase
mcro_sentencetransformersparaphraseMiniLML6v2,mcro_hasCitation,mcro_sentencetransformersparaphraseMiniLML6v2-Citation
mcro_multilinguale5small,mcro_hasTrainingData,mcro_multilinguale5small-TrainingDataInformationSection
mcro_clipViTbigG14laion2B-ModelDetailSection,mcro_hasCitation,mcro_clipViTbigG14laion2B-CitationOpenCLIP
mcro_twitterrobertabasesentiment,mcro_hasIntendedUseCase,mcro_twitterrobertabasesentiment-IntendedUseCase
mcro_metaLlama31,mcro_hasDataset,mcro_metaLlama31-Dataset
mcro_resnet18a1in1k,mcro_hasModelDetail,mcro_resnet18a1in1k-ModelDetail
mcro_distilbertbasemodeluncased,mcro_hasModelDetail,mcro_distilbertbasemodeluncased-ModelDetailSection
mcro_bertbasemodeluncased-ModelDetail,mcro_hasModelArchitecture,mcro_bertbasemodeluncased-Architecture
mcro_gpt2,mcro_hasModelDetail,mcro_gpt2-ModelDetail
mcro_distilgpt2,mcro_hasModelDetail,mcro_distilgpt2-ModelDetail
mcro_mobilenetv3small100lambin1k,mcro_hasUseCase,mcro_mobilenetv3small100lambin1k-UseCase
mcro_bertbasemodelcased,mcro_hasEvaluation,mcro_bertbasemodelcased-Evaluation
mcro_YOLOv8DetectionModel,mcro_hasModelArchitecture,mcro_YOLOv8DetectionModel-ModelArchitectureInformationSection
mcro_flant5base,mcro_hasUseCase,mcro_flant5base-UseCase
mcro_bertmultilingualbasemodelcased,mcro_hasIntendedUseCase,mcro_bertmultilingualbasemodelcased-UseCase
mcro_fashionclip,mcro_hasConsideration,mcro_fashionclip-Consideration
mcro_pyannotesegmentation30,mcro_hasCitation,mcro_pyannotesegmentation30-Citation1
mcro_vitmatte-ModelDetail,mcro_hasModelArchitecture,mcro_vitmatte-ModelArchitecture
mcro_bertbasemodelcased-ModelDetail,mcro_hasLicense,mcro_bertbasemodelcased-License
mcro_llama318BInstructGGUF-ModelDetail,mcro_hasModelArchitecture,mcro_llama318BInstructGGUF-Architecture
mcro_bertbasemodelcased-ModelDetail,mcro_hasCitation,mcro_bertbasemodelcased-Citation
mcro_jonatasgrosmanwav2vec2largexlsr53chinesezhcn,mcro_hasCitation,mcro_jonatasgrosmanwav2vec2largexlsr53chinesezhcn-Citation
mcro_siglipso400mpatch14384,mcro_hasModelParameter,mcro_siglipso400mpatch14384-Parameter
mcro_electramodel,mcro_hasUseCase,mcro_electramodel-UseCase
mcro_flant5base,mcro_hasCitation,mcro_flant5base-Citation
mcro_facebookbartbase,mcro_hasModelDetail,mcro_facebookbartbase-ModelDetail
mcro_vitmatte,mcro_hasModelDetail,mcro_vitmatte-ModelDetail
mcro_bertbasemodeluncased-Consideration,mcro_hasLimitation,mcro_bertbasemodeluncased-Limitation
mcro_bertmultilingualbasemodeluncased,mcro_hasIntendedUseCase,mcro_bertmultilingualbasemodeluncased-IntendedUseCase
mcro_albertbasev2,mcro_hasLimitation,mcro_albertbasev2-Limitation
mcro_jonatasgrosmanwav2vec2largexlsr53portuguese,mcro_hasModelArchitecture,mcro_jonatasgrosmanwav2vec2largexlsr53portuguese-Architecture
mcro_jinaaijinaembeddingsv3,mcro_hasLicense,mcro_jinaaijinaembeddingsv3-LicenseInformationSection
mcro_vitmatte-ModelDetail,mcro_hasCitation,mcro_vitmatte-Citation
mcro_clinicalBERT-Bio+ClinicalBERTModel,mcro_hasCitation,mcro_clinicalBERT-Bio+ClinicalBERTModel-CitationInfo
mcro_clipsegModel,mcro_hasCitation,mcro_clipsegModel-Citation
mcro_Falconsainsfwimagedetection,mcro_hasReference,mcro_Falconsainsfwimagedetection-Reference
mcro_pyannotewespeakervoxcelebresnet34LM,mcro_hasLicense,mcro_pyannotewespeakervoxcelebresnet34LM-License
mcro_visiontransformerbase,mcro_hasModelDetail,mcro_visiontransformerbase-ModelDetail
mcro_pyannotesegmentation30,mcro_hasOutputFormat,mcro_pyannotesegmentation30-OutputFormat
mcro_t5small-ModelDetails,mcro_hasCitation,mcro_t5small-Citation
mcro_visiontransformerbase-ModelDetail,mcro_hasLicense,mcro_visiontransformerbase-License
mcro_t5base,mcro_hasUseCase,mcro_t5base-UseCase
mcro_FlagEmbedding,mcro_hasCitation,mcro_FlagEmbedding-CitationInformationSection
mcro_mixedbreadaimxbaiembedlargev1,mcro_hasCitation,mcro_mixedbreadaimxbaiembedlargev1-Citation2
mcro_clip,mcro_hasUseCaseInformation,mcro_clip-UseCaseInformationSection
mcro_distilbertbasemodeluncased,mcro_hasLimitation,mcro_distilbertbasemodeluncased-LimitationInformationSection
mcro_efficientnet_b3ra2in1k,mcro_hasUseCase,mcro_efficientnet_b3ra2in1k-UseCase
mcro_facebookbartbase-ModelDetail,mcro_hasCitation,mcro_facebookbartbase-Citation
mcro_whisper,mcro_hasIntendedUseCase,mcro_whisper-IntendedUseCase
mcro_clip,mcro_hasModelDetail,mcro_clip-ModelDetail
mcro_whisper,mcro_hasModelDetail,mcro_whisper-ModelDetail
mcro_gpt2,mcro_hasUseCase,mcro_gpt2-UseCase
mcro_stablediffusioninpaintingmodelcard,mcro_hasUseCase,mcro_stablediffusioninpaintingmodelcard-UseCase
mcro_tabletransformer-ModelDetail,mcro_hasModelArchitecture,mcro_tabletransformer-ModelArchitecture
mcro_chronosboltsmall,mcro_hasLicense,mcro_chronosboltsmall-License
mcro_sdxl10base,mcro_hasDataset,mcro_sdxl10base-Dataset
mcro_stablediffusionv15modelcard,mcro_hasDataset,mcro_stablediffusionv15modelcard-Dataset
mcro_distilbertbasemultilingualcased,mcro_hasDataset,mcro_distilbertbasemultilingualcased-DatasetInformationSection
mcro_siglipso400mpatch14384,mcro_hasUseCase,mcro_siglipso400mpatch14384-UseCase
mcro_jonatasgrosmanwav2vec2largexlsr53dutch,mcro_hasModelArchitecture,mcro_jonatasgrosmanwav2vec2largexlsr53dutch-ModelArchitecture
mcro_vitmatte,mcro_hasUseCase,mcro_vitmatte-UseCase
mcro_Salesforceblipbootstrapping,mcro_hasCitation,mcro_Salesforceblipbootstrapping-Citation
mcro_whisperlargev3turbo,mcro_hasIntendedUseCase,mcro_whisperlargev3turbo-IntendedUseCase
mcro_chronosboltsmall,mcro_hasCitation,mcro_chronosboltsmall-Citation
mcro_YOLOv8DetectionModel,mcro_hasUseCase,mcro_YOLOv8DetectionModel-UseCaseInformationSection
mcro_sdxl10base-Consideration,mcro_hasLimitation,mcro_sdxl10base-Limitation
mcro_fashionclip,mcro_hasDataset,mcro_fashionclip-Dataset
mcro_albertbasev2,mcro_hasTrainingData,mcro_albertbasev2-TrainingData
mcro_esm2,mcro_hasCitation,mcro_esm2-Citation
mcro_jonatasgrosmanwav2vec2largexlsr53russian,mcro_hasDataset,mcro_jonatasgrosmanwav2vec2largexlsr53russian-Dataset
mcro_twitterrobertabasesentiment,mcro_hasModelArchitecture,mcro_twitterrobertabasesentiment-ModelArchitecture
mcro_resnet18a1in1k,mcro_hasModelArchitecture,mcro_resnet18a1in1k-Architecture
mcro_jinaaijinaembeddingsv3,mcro_hasModelArchitecture,mcro_jinaaijinaembeddingsv3-ModelArchitectureInformationSection
mcro_chronos-t5-small,mcro_hasModelArchitecture,mcro_chronos-t5-small-architecture
mcro_chronos-t5-small,mcro_hasDataset,mcro_chronos-t5-small-dataset
mcro_clip,mcro_hasModelDetail,mcro_clip-ModelDetailSection
mcro_distilgpt2,mcro_hasTrainingData,mcro_distilgpt2-TrainingData
mcro_albertbasev2,mcro_hasIntendedUseCase,mcro_albertbasev2-UseCase
mcro_jonatasgrosmanwav2vec2largexlsr53portuguese,mcro_hasCitation,mcro_jonatasgrosmanwav2vec2largexlsr53portuguese-Citation
mcro_gpt2-ModelDetail,mcro_hasCitation,mcro_gpt2-Citation
mcro_esm2,mcro_hasModelArchitecture,mcro_esm2-ModelArchitecture
mcro_distilbertbasemultilingualcased,mcro_hasLicense,mcro_distilbertbasemultilingualcased-LicenseInformationSection
mcro_clipvitlargepatch14336,mcro_hasUseCase,mcro_clipvitlargepatch14336-UseCaseInformationSection
mcro_CLIPViTB16LAION2B,mcro_hasCitation,mcro_CLIPViTB16LAION2B-CitationInfo
mcro_clipvitlargepatch14336,mcro_hasDataset,mcro_clipvitlargepatch14336-DatasetInformationSection
mcro_sdxl10base,mcro_hasOutOfScopeUseCase,mcro_sdxl10base-OutOfScopeUseCase
mcro_clipViTbigG14laion2B-ModelParameter,mcro_hasDataset,mcro_clipViTbigG14laion2B-Dataset
mcro_pyannotespeakerdiarization31,mcro_hasCitation,mcro_pyannotespeakerdiarization31-Citation
mcro_clip-ModelDetail,mcro_hasModelArchitecture,mcro_clip-ModelArchitecture
mcro_Salesforceblipbootstrapping,mcro_hasLicense,mcro_Salesforceblipbootstrapping-License
mcro_siglipso400mpatch14384-Parameter,mcro_hasDataset,mcro_siglipso400mpatch14384-Dataset
mcro_Qwen25VL7BInstruct,mcro_hasCitation,mcro_Qwen25VL7BInstruct-Citation
mcro_sentencetransformersusecmlmmultilingual,mcro_hasCitation,mcro_sentencetransformersusecmlmmultilingual-Citation
mcro_metaLlama31,mcro_hasUseCase,mcro_metaLlama31-UseCase
mcro_clip-Consideration,mcro_hasEthicalConsideration,mcro_clip-BiasAndFairness
mcro_efficientnet_b3ra2in1k,mcro_hasModelArchitecture,mcro_efficientnet_b3ra2in1k-ModelArchitecture
mcro_bartlargemnli,mcro_hasCitation,mcro_facebookbartlargemnli-Citation2
mcro_metaLlama31-ModelDetail,mcro_hasModelArchitecture,mcro_metaLlama31-ModelArchitecture
mcro_clinicalBERT-Bio+ClinicalBERTModel,mcro_hasDataset,mcro_clinicalBERT-Bio+ClinicalBERTModel-DatasetInfo
mcro_sentencetransformersusecmlmmultilingual,mcro_hasModelArchitecture,mcro_sentencetransformersusecmlmmultilingual-ModelArchitecture
mcro_bartlargemnli,mcro_hasDataset,mcro_MultiNLI
mcro_stablediffusioninpaintingmodelcard-ModelDetail,mcro_hasModelArchitecture,mcro_stablediffusioninpaintingmodelcard-Architecture
mcro_bertmultilingualbasemodelcased,mcro_hasModelDetail,mcro_bertmultilingualbasemodelcased-ModelDetail
mcro_jonatasgrosmanwav2vec2largexlsr53dutch,mcro_hasCitation,mcro_jonatasgrosmanwav2vec2largexlsr53dutch-Citation
mcro_clipViTbigG14laion2B-ModelDetailSection,mcro_hasCitation,mcro_clipViTbigG14laion2B-CitationScalingOpenCLIP
mcro_llama32-parameter,mcro_hasTrainingData,mcro_llama32-trainingdata
mcro_chronos-t5-small,mcro_hasCitation,mcro_chronos-t5-small-citation
mcro_clip,mcro_hasConsideration,mcro_clip-Consideration
mcro_distilbertbasemultilingualcased,mcro_hasCitation,mcro_distilbertbasemultilingualcased-CitationInformationSection
mcro_bartlargecnn-ModelDetail,mcro_hasModelArchitecture,mcro_bartlargecnn-ModelArchitecture
mcro_bertbasemodelcased,mcro_hasConsideration,mcro_bertbasemodelcased-Consideration
mcro_flux1dev,mcro_hasOutOfScopeUse,mcro_flux1dev-OutOfScopeUse
mcro_whisperlargev3,mcro_hasIntendedUseCase,mcro_whisperlargev3-IntendedUseCase
mcro_bertbasemodelcased,mcro_hasUseCase,mcro_bertbasemodelcased-UseCase
mcro_BGE-M3,mcro_hasDataset,mcro_BGE-M3-Dataset
mcro_mobilenetv3small100lambin1k,mcro_hasModelDetail,mcro_mobilenetv3small100lambin1k-ModelDetail
mcro_chronosboltbase,mcro_hasLicense,mcro_chronosboltbase-License
mcro_whisper,mcro_hasTrainingData,mcro_whisper-TrainingData
mcro_opt-125m,mcro_hasModelParameter,mcro_opt-125m-ModelParameter
mcro_jinaaijinaembeddingsv3,mcro_hasIntendedUseCase,mcro_jinaaijinaembeddingsv3-UseCaseInformationSection
mcro_clip,mcro_hasDataset,mcro_clip-Dataset
mcro_t5base,mcro_hasLicense,mcro_t5base-License
mcro_whisperlargev3,mcro_hasModelArchitecture,mcro_whisperlargev3-ModelArchitecture
mcro_facebookdinov2small,mcro_hasUseCase,mcro_facebookdinov2small-UseCase
mcro_visiontransformerbase,mcro_hasCitation,mcro_visiontransformerbase-Citation2
mcro_sentencetransformersparaphrasemultilingualMiniLML12v2,mcro_hasUseCase,mcro_sentencetransformersparaphrasemultilingualMiniLML12v2-UseCase
mcro_tabletransformer,mcro_hasModelDetail,mcro_tabletransformer-ModelDetail
mcro_facebookdinov2small,mcro_hasModelDetail,mcro_facebookdinov2small-ModelDetail
mcro_albertbasev2-ModelDetail,mcro_hasCitation,mcro_albertbasev2-Citation
mcro_llama32,mcro_hasModelParameter,mcro_llama32-parameter
mcro_visiontransformerbase,mcro_hasIntendedUseCase,mcro_visiontransformerbase-IntendedUseCase
mcro_clip,mcro_hasQuantativeAnalysis,mcro_clip-QuantativeAnalysisSection
mcro_t5base,mcro_hasModelDetail,mcro_t5base-ModelDetails
mcro_visiontransformerbase-ModelDetail,mcro_hasCitation,mcro_visiontransformerbase-Citation
mcro_jonatasgrosmanwav2vec2largexlsr53dutch,mcro_hasDataset,mcro_jonatasgrosmanwav2vec2largexlsr53dutch-Dataset
mcro_opt-125m-ModelDetail,mcro_hasLicense,mcro_opt-125m-License
mcro_fashionclip-ModelDetail,mcro_hasCitation,mcro_fashionclip-Citation
mcro_gemma3-ModelParameterSection,mcro_hasModelArchitecture,mcro_gemma3-ModelArchitectureSection
mcro_stablediffusionv15modelcard,mcro_hasModelArchitecture,mcro_stablediffusionv15modelcard-Architecture
mcro_clip,mcro_hasUseCase,mcro_clip-UseCaseInformationSection
mcro_jinaaijinaembeddingsv3,mcro_hasCitation,mcro_jinaaijinaembeddingsv3-CitationInformationSection
mcro_stablediffusionv15modelcard,mcro_hasCitation,mcro_stablediffusionv15modelcard-Citation
mcro_Falconsainsfwimagedetection,mcro_hasUseCase,mcro_Falconsainsfwimagedetection-UseCase
mcro_llama32-modelDetail,mcro_hasCitation,mcro_llama32-citation
mcro_clip,mcro_hasCitation,mcro_clip-CitationInformationSection
mcro_sdxl10base,mcro_hasModelDetail,mcro_sdxl10base-ModelDetail
mcro_Qwen25VL7BInstruct,mcro_hasDataset,mcro_Qwen25VL7BInstruct-Dataset
mcro_gpt2,mcro_hasTrainingData,mcro_gpt2-TrainingData
mcro_bertmultilingualbasemodelcased-ModelDetail,mcro_hasCitation,mcro_bertmultilingualbasemodelcased-Citation
mcro_electramodel,mcro_hasModelArchitecture,mcro_electramodel-ModelArchitecture
mcro_sdxl10base,mcro_hasUseCase,mcro_sdxl10base-UseCase
mcro_mobilenetv3small100lambin1k-ModelDetail,mcro_hasDataset,mcro_mobilenetv3small100lambin1k-Dataset
mcro_clipViTbigG14laion2B,mcro_hasUseCase,mcro_clipViTbigG14laion2B-UseCase
mcro_t5small-ModelDetails,mcro_hasLicense,mcro_t5small-License
mcro_allMiniLML6v2,mcro_hasUseCaseInformationSection,mcro_allMiniLML6v2-UseCaseInformationSection
mcro_whisperlargev3turbo,mcro_hasCitation,mcro_whisperlargev3turbo-Citation
mcro_pyannotewespeakervoxcelebresnet34LM,mcro_hasCitation,mcro_pyannotewespeakervoxcelebresnet34LM-Citation2
mcro_stablediffusioninpaintingmodelcard,mcro_hasEvaluationResult,mcro_stablediffusioninpaintingmodelcard-EvaluationResult
mcro_t5base,mcro_hasConsideration,mcro_t5base-BiasRisksLimitations
mcro_Salesforceblipbootstrapping,mcro_hasIntendedUseCase,mcro_Salesforceblipbootstrapping-UseCase
mcro_jonatasgrosmanwav2vec2largexlsr53chinesezhcn,mcro_hasIntendedUseCase,mcro_jonatasgrosmanwav2vec2largexlsr53chinesezhcn-UseCase
mcro_Salesforceblipbootstrapping,mcro_hasModelArchitecture,mcro_Salesforceblipbootstrapping-Architecture
mcro_distilbertbaseuncasedfinetunedsst2english,mcro_hasUseCase,mcro_distilbertbaseuncasedfinetunedsst2english-UseCase
mcro_opt-125m-ModelDetail,mcro_hasModelArchitecture,mcro_opt-125m-ModelArchitecture
mcro_resnet18a1in1k,mcro_hasDataset,mcro_resnet18a1in1k-Dataset
mcro_visiontransformerbase,mcro_hasTrainingProcedure,mcro_visiontransformerbase-TrainingProcedure
mcro_jonatasgrosmanwav2vec2largexlsr53dutch,mcro_hasDataset,mcro_jonatasgrosmanwav2vec2largexlsr53dutch-Dataset2
mcro_Falconsainsfwimagedetection-ModelDetail,mcro_hasLicense,mcro_Falconsainsfwimagedetection-License
mcro_RoBERTa_base_model,mcro_hasIntendedUseCase,mcro_RoBERTa_base_model-UseCaseInformationSection
mcro_whisperlargev3,mcro_hasTrainingData,mcro_whisperlargev3-TrainingData
mcro_mixedbreadaimxbaiembedlargev1,mcro_hasModelArchitecture,mcro_mixedbreadaimxbaiembedlargev1-ModelArchitecture
mcro_twitterrobertabasesentiment,mcro_hasDataset,mcro_twitterrobertabasesentiment-Dataset
mcro_t5small,mcro_hasDataset,mcro_t5small-Dataset
mcro_esm2,mcro_hasIntendedUseCase,mcro_esm2-UseCase
mcro_distilgpt2,mcro_hasEvaluationResult,mcro_distilgpt2-EvaluationResult
mcro_jonatasgrosmanwav2vec2largexlsr53russian,mcro_hasModelArchitecture,mcro_jonatasgrosmanwav2vec2largexlsr53russian-Architecture
mcro_multilinguale5small,mcro_hasIntendedUseCase,mcro_multilinguale5small-IntendedUseCaseInformationSection
mcro_clipViTbigG14laion2B-ModelDetailSection,mcro_hasCitation,mcro_clipViTbigG14laion2B-CitationLAION
mcro_llama32-modelDetail,mcro_hasModelArchitecture,mcro_llama32-architecture
mcro_t5base,mcro_hasConsideration,mcro_t5base-EnvironmentalImpact
mcro_resnet50a1in1k-ModelDetail,mcro_hasCitation,mcro_resnet50a1in1k-Citation
mcro_metaLlama31-ModelDetail,mcro_hasLicense,mcro_metaLlama31-License
mcro_distilgpt2,mcro_hasEnvironmentalImpact,mcro_distilgpt2-EnvironmentalImpact
mcro_sdxl10base-ModelDetail,mcro_hasModelArchitecture,mcro_sdxl10base-ModelArchitecture
mcro_vit-face-expression,mcro_hasDataset,mcro_vit-face-expression-Dataset
mcro_Falconsainsfwimagedetection-UseCase,mcro_hasLimitation,mcro_Falconsainsfwimagedetection-Limitation
mcro_resnet50a1in1k-ModelDetail,mcro_hasModelArchitecture,mcro_resnet50a1in1k-ModelArchitecture
mcro_electramodel,mcro_hasCitation,mcro_electramodel-Citation
mcro_bertbasechinese,mcro_hasQuantativeAnalysis,mcro_bertbasechinese-QuantativeAnalysisSection
mcro_stablediffusionv15modelcard,mcro_hasLicense,mcro_stablediffusionv15modelcard-License
mcro_jonatasgrosmanwav2vec2largexlsr53russian,mcro_hasCitation,mcro_jonatasgrosmanwav2vec2largexlsr53russian-Citation
mcro_gemma3-ModelDetailSection,mcro_hasCitation,mcro_gemma3-CitationSection
mcro_whisperlargev3turbo,mcro_hasModelArchitecture,mcro_whisperlargev3turbo-Architecture
mcro_jonatasgrosmanwav2vec2largexlsr53portuguese,mcro_hasIntendedUseCase,mcro_jonatasgrosmanwav2vec2largexlsr53portuguese-UseCase
mcro_allmpnetbasev2,mcro_hasTrainingData,mcro_allmpnetbasev2-TrainingDataInformationSection
mcro_whisper-ModelDetail,mcro_hasModelArchitecture,mcro_whisper-ModelArchitecture
mcro_Qwen25VL7BInstruct,mcro_hasIntendedUseCase,mcro_Qwen25VL7BInstruct-IntendedUseCase
mcro_flux1dev,mcro_hasModelArchitecture,mcro_flux1dev-ModelArchitecture
mcro_llama32,mcro_hasModelDetail,mcro_llama32-modelDetail
mcro_crossencodermsmarcoMiniLML6v2,mcro_hasPerformanceMetricInformationSection,mcro_crossencodermsmarcoMiniLML6v2-Performance
mcro_distilbertbasemultilingualcased,mcro_hasLimitation,mcro_distilbertbasemultilingualcased-LimitationInformationSection
mcro_allMiniLML12v2,mcro_hasIntendedUseCase,mcro_allMiniLML12v2-UseCaseInformationSection
mcro_allmpnetbasev2,mcro_hasUseCase,mcro_allmpnetbasev2-UseCaseInformationSection
mcro_Salesforceblipimagecaptioninglarge,mcro_hasModelArchitecture,mcro_Salesforceblipimagecaptioninglarge-Architecture
mcro_bertmultilingualbasemodeluncased,mcro_hasCitation,mcro_bertmultilingualbasemodeluncased-Citation
mcro_clip-UseCaseInformationSection,mcro_hasConsideration,mcro_clip-ConsiderationInformationSection
mcro_clipViTbigG14laion2B-ModelDetailSection,mcro_hasCitation,mcro_clipViTbigG14laion2B-CitationOpenAICLIP
mcro_distilbertbasemultilingualcased,mcro_hasConsideration,mcro_distilbertbasemultilingualcased-ConsiderationInformationSection
mcro_gemma3,mcro_hasConsideration,mcro_gemma3-ConsiderationSection
mcro_distilbertbasemodeluncased-ModelDetailSection,mcro_hasCitation,mcro_distilbertbasemodeluncased-CitationInformationSection
mcro_t5base,mcro_hasCitation,mcro_t5base-Citation
mcro_bertbasemodelcased-Evaluation,mcro_hasDataset,mcro_bertbasemodelcased-Dataset
mcro_clipsegModel,mcro_hasIntendedUseCase,mcro_clipsegModel-UseCase
mcro_pyannotesegmentation30,mcro_hasIntendedUseCase,mcro_pyannotesegmentation30-UseCase
mcro_stablediffusioninpaintingmodelcard,mcro_hasLimitation,mcro_stablediffusioninpaintingmodelcard-Limitation
mcro_multilinguale5small,mcro_hasCitation,mcro_multilinguale5small-CitationInformationSection
mcro_bertbasemodeluncased-ModelDetail,mcro_hasCitation,mcro_bertbasemodeluncased-Citation
mcro_clip-ModelDetailSection,mcro_hasReference,mcro_clip-ReferenceInformationSection
mcro_clip-ModelDetail,mcro_hasCitation,mcro_clip-Citation
mcro_mixedbreadaimxbaiembedlargev1,mcro_hasDataset,mcro_mixedbreadaimxbaiembedlargev1-Dataset
mcro_forcedalignerwithhuggingfacectcmodels,mcro_hasModelArchitecture,mcro_forcedalignerwithhuggingfacectcmodels-modelarchitecture
mcro_sdxl10base-ModelDetail,mcro_hasCitation,mcro_sdxl10base-Citation
mcro_bertbasemodeluncased,mcro_hasModelDetail,mcro_bertbasemodeluncased-ModelDetail
mcro_bertbasemodelcased,mcro_hasTrainingData,mcro_bertbasemodelcased-TrainingData
mcro_sentencetransformersparaphrasemultilingualmpnetbasv2,mcro_hasIntendedUseCase,mcro_sentencetransformersparaphrasemultilingualmpnetbasv2-UseCase
mcro_clinicalBERT-Bio+ClinicalBERTModel,mcro_hasModelArchitecture,mcro_clinicalBERT-Bio+ClinicalBERTModel-ArchInfo
mcro_Qwen2505BInstruct,mcro_hasModelParameter,mcro_Qwen2505BInstruct-Parameter
mcro_facebookdinov2small-ModelDetail,mcro_hasCitation,mcro_facebookdinov2small-Citation
mcro_ESMFold,mcro_hasCitation,mcro_ESMFold-Citation
mcro_chronosboltbase,mcro_hasUseCase,mcro_chronosboltbase-UseCase
mcro_bartlargecnn,mcro_hasUseCase,mcro_bartlargecnn-UseCase
mcro_distilbertbasemultilingualcased,mcro_hasModelArchitecture,mcro_distilbertbasemultilingualcased-ModelArchitectureInformationSection
mcro_bertbasemodelcased,mcro_hasParameter,mcro_bertbasemodelcased-Parameter
mcro_resnet50a1in1k,mcro_hasUseCase,mcro_resnet50a1in1k-UseCase
mcro_CLIPViTB16LAION2B,mcro_hasDataset,mcro_CLIPViTB16LAION2B-DatasetInfo
mcro_whisper-ModelDetail,mcro_hasCitation,mcro_whisper-Citation
mcro_clip-UseCaseInformationSection,mcro_hasOutofScopeUseCaseInformation,mcro_clip-OutofScopeUseCaseInformationSection
mcro_RoBERTa_base_model,mcro_hasCitation,mcro_RoBERTa_base_model-CitationInformationSection
mcro_siglipso400mpatch14384-ModelDetail,mcro_hasCitation,mcro_siglipso400mpatch14384-Citation
mcro_distilgpt2-ModelDetail,mcro_hasLicense,mcro_distilgpt2-License
mcro_mobilenetv3small100lambin1k,mcro_hasModelParameter,mcro_mobilenetv3small100lambin1k-ModelParameter
mcro_robertalargemodel,mcro_hasTrainingData,mcro_robertalargemodel-TrainingData
mcro_pyannotesegmentation30,mcro_hasCitation,mcro_pyannotesegmentation30-Citation2
mcro_bertmultilingualbasemodelcased,mcro_hasCitation,mcro_bertmultilingualbasemodelcased-Citation2
mcro_gemma3,mcro_hasQuantativeAnalysis,mcro_gemma3-QuantativeAnalysisSection
mcro_bertbasechinese,mcro_hasModelParameter,mcro_bertbasechinese-ModelParameterSection
mcro_bartlargecnn,mcro_hasModelDetail,mcro_bartlargecnn-ModelDetail
mcro_stablediffusionv15modelcard,mcro_hasIntendedUseCase,mcro_stablediffusionv15modelcard-IntendedUseCase
mcro_gemma3-ModelParameterSection,mcro_hasDataset,mcro_gemma3-DatasetSection
mcro_Falconsainsfwimagedetection,mcro_hasModelDetail,mcro_Falconsainsfwimagedetection-ModelDetail
mcro_stablediffusioninpaintingmodelcard-TrainingData,mcro_hasDataset,mcro_stablediffusioninpaintingmodelcard-Dataset
mcro_whisperlargev3turbo,mcro_hasDataset,mcro_whisperlargev3turbo-Dataset
mcro_BGE-M3,mcro_hasCitation,mcro_BGE-M3-Citation
mcro_robertalargemodel,mcro_hasArchitecture,mcro_robertalargemodel-Architecture
mcro_distilbertbaseuncasedfinetunedsst2english-ModelDetail,mcro_hasLicense,mcro_distilbertbaseuncasedfinetunedsst2english-License
mcro_llama318BInstructGGUF-ModelDetail,mcro_hasLicense,mcro_llama318BInstructGGUF-License
mcro_stablediffusioninpaintingmodelcard,mcro_hasCitation,mcro_stablediffusioninpaintingmodelcard-Citation
mcro_BGE-M3,mcro_hasIntendedUseCase,mcro_BGE-M3-UseCase
mcro_distilbertbasemodeluncased-ModelDetailSection,mcro_hasLicense,mcro_distilbertbasemodeluncased-LicenseInformationSection
mcro_multilinguale5small,mcro_hasLimitation,mcro_multilinguale5small-LimitationInformationSection
mcro_t5base,mcro_hasOwner,mcro_t5base-ModelCardAuthors
mcro_distilgpt2,mcro_hasCitation,mcro_distilgpt2-Citation
mcro_XLMROBERTaModel,mcro_hasCitation,mcro_XLMROBERTaModel-Citation
mcro_pyannotesegmentation30,mcro_hasTrainingDataset,mcro_pyannotesegmentation30-Dataset
mcro_jonatasgrosmanwav2vec2largexlsr53dutch,mcro_hasUseCase,mcro_jonatasgrosmanwav2vec2largexlsr53dutch-UseCase
mcro_clip-DatasetInformationSection,mcro_hasConsideration,mcro_clip-ConsiderationInformationSection2
mcro_bartlargemnli,mcro_hasCitation,mcro_bartlargemnli-Citation
mcro_Salesforceblipimagecaptioninglarge,mcro_hasIntendedUseCase,mcro_Salesforceblipimagecaptioninglarge-IntendedUseCase
mcro_clip-ModelDetailSection,mcro_hasCitationInformation,mcro_clip-CitationInformationSection
mcro_clip-ModelDetailSection,mcro_hasVersion,mcro_clip-VersionInformationSection
mcro_ESMFold,mcro_hasModelArchitecture,mcro_ESMFold-ModelArchitecture
mcro_clip-QuantativeAnalysisSection,mcro_hasLimitation,mcro_clip-LimitationInformationSection
mcro_robertalargemodel,mcro_hasIntendedUseCase,mcro_robertalargemodel-UseCase
mcro_tabletransformer-ModelDetail,mcro_hasCitation,mcro_tabletransformer-Citation
mcro_FlagEmbedding,mcro_hasCitation,mcro_FlagEmbedding-Citation
mcro_FlagEmbedding,mcro_hasLicense,mcro_FlagEmbedding-License
mcro_sentencetransformersparaphrasemultilingualMiniLML12v2,mcro_hasCitation,mcro_sentencetransformersparaphrasemultilingualMiniLML12v2-Citation
mcro_clipViTbigG14laion2B,mcro_hasModelDetail,mcro_clipViTbigG14laion2B-ModelDetailSection
mcro_gemma3,mcro_hasModelDetail,mcro_gemma3-ModelDetailSection
mcro_facebookdinov2small-ModelDetail,mcro_hasLicense,mcro_facebookdinov2small-License
mcro_clip,mcro_hasLimitationInformation,mcro_clip-LimitationInformationSection
mcro_Qwen25VL7BInstruct,mcro_hasModelArchitecture,mcro_Qwen25VL7BInstruct-ModelArchitecture
mcro_Salesforceblipimagecaptioninglarge,mcro_hasConsiderations,mcro_Salesforceblipimagecaptioninglarge-Considerations
mcro_clipViTbigG14laion2B,mcro_hasModelParameter,mcro_clipViTbigG14laion2B-ModelParameter
mcro_TheBlokephi2GGUF,mcro_hasCitation,mcro_TheBlokephi2GGUF-Citation
mcro_chronosboltsmall,mcro_hasIntendedUseCase,mcro_chronosboltsmall-IntendedUseCase
mcro_Qwen2505BInstruct,mcro_hasUseCase,mcro_Qwen2505BInstruct-UseCase
mcro_gemma3,mcro_hasModelCardReport,mcro_gemma3-ModelCardReport
mcro_multilinguale5small,mcro_hasModelArchitecture,mcro_multilinguale5small-ModelArchitectureInformationSection
mcro_fashionclip,mcro_hasModelDetail,mcro_fashionclip-ModelDetail
mcro_distilgpt2,mcro_hasIntendedUse,mcro_distilgpt2-IntendedUse
mcro_clipViTbigG14laion2B-ModelDetailSection,mcro_hasLicense,mcro_clipViTbigG14laion2B-License
mcro_clip-ModelDetailSection,mcro_hasModelArchitectureInformation,mcro_clip-ModelArchitectureInformationSection
mcro_allMiniLML6v2,mcro_hasTrainingDataInformationSection,mcro_allMiniLML6v2-TrainingDataInformationSection
mcro_tabletransformer,mcro_hasUseCase,mcro_tabletransformer-UseCase
mcro_clip-Consideration,mcro_hasLimitation,mcro_clip-Limitation
mcro_Salesforceblipimagecaptioninglarge,mcro_hasCitation,mcro_Salesforceblipimagecaptioninglarge-Citation
mcro_stablediffusioninpaintingmodelcard,mcro_hasTrainingData,mcro_stablediffusioninpaintingmodelcard-TrainingData
mcro_flux1dev,mcro_hasLimitation,mcro_flux1dev-Limitation
mcro_facebookdinov2small-ModelDetail,mcro_hasArchitecture,mcro_facebookdinov2small-Architecture
mcro_visiontransformerbase,mcro_hasTrainingData,mcro_visiontransformerbase-TrainingData
mcro_efficientnet_b3ra2in1k,mcro_hasCitation,mcro_efficientnet_b3ra2in1k-Citation-3
mcro_t5small,mcro_hasModelDetail,mcro_t5small-ModelDetails
mcro_sentencetransformersparaphrasemultilingualmpnetbasv2,mcro_hasModelArchitecture,mcro_sentencetransformersparaphrasemultilingualmpnetbasv2-ModelArchitecture
mcro_opt-125m,mcro_hasIntendedUseCase,mcro_opt-125m-IntendedUseCase
mcro_Falconsainsfwimagedetection-ModelDetail,mcro_hasArchitecture,mcro_Falconsainsfwimagedetection-Architecture
mcro_Qwen257BInstruct,mcro_hasCitation,mcro_Qwen257BInstruct-Citation
mcro_distilbertbasemodeluncased,mcro_hasIntendedUseCase,mcro_distilbertbasemodeluncased-UseCaseInformationSection
mcro_multilinguale5small,mcro_hasBenchmark,mcro_multilinguale5small-BenchmarkResults
mcro_llama318BInstructGGUF,mcro_hasDataset,mcro_llama318BInstructGGUF-Dataset
mcro_visiontransformerbase,mcro_hasModelParameter,mcro_visiontransformerbase-ModelParameter
mcro_t5small-ModelDetails,mcro_hasArchitecture,mcro_t5small-Architecture
mcro_chronos-t5-small,mcro_hasLicense,mcro_chronos-t5-small-license
mcro_albertbasev2,mcro_hasModelDetail,mcro_albertbasev2-ModelDetail
mcro_allMiniLML12v2,mcro_hasTrainingData,mcro_allMiniLML12v2-TrainingDataInformationSection
mcro_clipvitlargepatch14336,mcro_hasModelArchitecture,mcro_clipvitlargepatch14336-ModelArchitectureInformationSection
mcro_XLMrobertalargeModel,mcro_hasCitation,mcro_XLMrobertalargeModel-Citation
mcro_llama32-usecase,mcro_hasOutOfScopeUseCase,mcro_llama32-outofscope
mcro_bertbasechinese,mcro_hasConsideration,mcro_bertbasechinese-ConsiderationSection
mcro_pyannotewespeakervoxcelebresnet34LM,mcro_hasCitation,mcro_pyannotewespeakervoxcelebresnet34LM-Citation1
mcro_TheBlokephi2GGUF,mcro_hasIntendedUseCase,mcro_TheBlokephi2GGUF-IntendedUseCase
mcro_gpt2,mcro_hasConsideration,mcro_gpt2-Consideration
mcro_llama318BInstructGGUF,mcro_hasModelDetail,mcro_llama318BInstructGGUF-ModelDetail
mcro_bertmultilingualbasemodelcased,mcro_hasTrainingProcedure,mcro_bertmultilingualbasemodelcased-TrainingProcedure
mcro_clip-ModelDetailSection,mcro_hasModelArchitecture,mcro_clip-ModelArchitectureInformationSection
mcro_opt-125m,mcro_hasDataset,mcro_opt-125m-Dataset
mcro_unik3d,mcro_hasDocumentation,mcro_unik3d-Documentation
mcro_flant5base-ModelDetail,mcro_hasLicense,mcro_flant5base-License
mcro_resnet50a1in1k,mcro_hasModelDetail,mcro_resnet50a1in1k-ModelDetail
mcro_facebookbartbase,mcro_hasUseCase,mcro_facebookbartbase-UseCase
mcro_flux1dev,mcro_hasUseCase,mcro_flux1dev-UseCase
mcro_XLMROBERTaModel,mcro_hasModelArchitecture,mcro_XLMROBERTaModel-ModelArchitecture
mcro_CLIPViTB16LAION2B,mcro_hasUseCase,mcro_CLIPViTB16LAION2B-UseCaseInfo
mcro_clinicalBERT-Bio+ClinicalBERTModel,mcro_hasTrainingData,mcro_clinicalBERT-Bio+ClinicalBERTModel-TrainingDataInfo
mcro_CLIPViTB16LAION2B,mcro_hasModelArchitecture,mcro_CLIPViTB16LAION2B-ModelArch
mcro_pyannotesegmentation30,mcro_hasInputFormat,mcro_pyannotesegmentation30-InputFormat
mcro_unik3d,mcro_hasLibrary,mcro_unik3d-Library
mcro_chronosboltbase,mcro_hasCitation,mcro_chronosboltbase-Citation
mcro_metaLlama31,mcro_hasModelDetail,mcro_metaLlama31-ModelDetail
mcro_clip,mcro_hasUseCase,mcro_clip-UseCase
mcro_opt-125m,mcro_hasConsideration,mcro_opt-125m-Consideration
mcro_facebookbartbase-ModelDetail,mcro_hasModelArchitecture,mcro_facebookbartbase-ModelArchitecture
mcro_YOLOv8DetectionModel,mcro_hasDataset,mcro_YOLOv8DetectionModel-DatasetInformationSection
mcro_bertbasemodelcased,mcro_hasModelDetail,mcro_bertbasemodelcased-ModelDetail
mcro_clip-UseCase,mcro_hasOutOfScopeUseCase,mcro_clip-OutOfScopeUseCase
mcro_jonatasgrosmanwav2vec2largexlsr53chinesezhcn,mcro_hasDataset,mcro_jonatasgrosmanwav2vec2largexlsr53chinesezhcn-Dataset
mcro_Salesforceblipbootstrapping,mcro_hasDataset,mcro_cocoDataset
mcro_forcedalignerwithhuggingfacectcmodels,mcro_hasIntendedUseCase,mcro_forcedalignerwithhuggingfacectcmodels-intendedusecase
mcro_crossencodermsmarcoMiniLML6v2,mcro_hasUseCaseInformationSection,mcro_crossencodermsmarcoMiniLML6v2-UseCase
mcro_clip,mcro_hasDatasetInformation,mcro_clip-DatasetInformationSection
mcro_siglipso400mpatch14384,mcro_hasModelDetail,mcro_siglipso400mpatch14384-ModelDetail
mcro_chronosboltsmall,mcro_hasModelArchitecture,mcro_chronosboltsmall-ModelArchitecture
mcro_twitterrobertabasesentiment,mcro_hasCitation,mcro_twitterrobertabasesentiment-Citation
mcro_stablediffusioninpaintingmodelcard-ModelDetail,mcro_hasLicense,mcro_stablediffusioninpaintingmodelcard-License
mcro_bartlargecnn,mcro_hasDataset,mcro_bartlargecnn-Dataset
mcro_Falconsainsfwimagedetection,mcro_hasTrainingData,mcro_Falconsainsfwimagedetection-TrainingData
mcro_BGE-M3,mcro_hasModelArchitecture,mcro_BGE-M3-Architecture
mcro_distilgpt2,mcro_hasLimitation,mcro_distilgpt2-Limitation
mcro_clip-UseCaseInformationSection,mcro_hasUser,mcro_clip-UserInformationSection
mcro_visiontransformerbase-ModelParameter,mcro_hasDataset,mcro_visiontransformerbase-Dataset
mcro_jonatasgrosmanwav2vec2largexlsr53portuguese,mcro_hasDataset,mcro_jonatasgrosmanwav2vec2largexlsr53portuguese-Dataset
mcro_distilbertbasemultilingualcased,mcro_hasUseCase,mcro_distilbertbasemultilingualcased-UseCaseInformationSection
mcro_vit-face-expression,mcro_hasModelArchitecture,mcro_vit-face-expression-ModelArchitecture
mcro_albertbasev2-ModelDetail,mcro_hasArchitecture,mcro_albertbasev2-Architecture
mcro_Qwen257BInstruct,mcro_hasArchitecture,mcro_Qwen257BInstruct-Architecture
mcro_t5base,mcro_hasModelParameter,mcro_t5base-TrainingDetails
mcro_clip-QuantativeAnalysis,mcro_hasPerformanceMetric,mcro_clip-Performance
mcro_mixedbreadaimxbaiembedlargev1,mcro_hasCitation,mcro_mixedbreadaimxbaiembedlargev1-Citation1
mcro_bartlargemnli,mcro_hasIntendedUseCase,mcro_NLIbasedZeroShotTextClassification
mcro_opt-125m,mcro_hasModelDetail,mcro_opt-125m-ModelDetail
mcro_gpt2,mcro_hasEvaluation,mcro_gpt2-Evaluation
mcro_flux1dev,mcro_hasLicense,mcro_flux1dev-License
mcro_resnet50a1in1k,mcro_hasDataset,mcro_resnet50a1in1k-Dataset
mcro_opt-125m-ModelDetail,mcro_hasCitation,mcro_opt-125m-Citation
